"","participant_id","experiment","version","condition","trial_number","video_file","audio_file","duration"
"1","subj.01","attentioncheck",NA,NA,1,"attentioncheck.mp4","attentioncheckX.wav",24100
"2","subj.01","continuity","ver1","test",2,"continuity_ver1_n_test.mp4","continuity_ver1_n_testX.wav",31000
"3","subj.01","gravity","ver1","cont",3,"gravity_ver1_n_cont.mp4","gravity_ver1_n_contX.wav",30200
"4","subj.01","solidity","ver1","test",4,"solidity_ver1_n_test.mp4","solidity_ver1_n_testX.wav",38600
"5","subj.01","gravity","ver1","test",5,"gravity_ver1_n_test.mp4","gravity_ver1_n_testX.wav",30200
"6","subj.01","continuity","ver1","cont",6,"continuity_ver1_n_cont.mp4","continuity_ver1_n_contX.wav",31000
"7","subj.01","solidity","ver1","cont",7,"solidity_ver1_n_cont.mp4","solidity_ver1_n_contX.wav",38600
"8","subj.01","solidity","ver2","cont",8,"solidity_ver2_n_cont.mp4","solidity_ver2_n_contX.wav",35000
"9","subj.01","gravity","ver2","test",9,"gravity_ver2_n_test.mp4","gravity_ver2_n_testX.wav",30000
"10","subj.01","continuity","ver2","test",10,"continuity_ver2_n_test.mp4","continuity_ver2_n_testX.wav",34000
"11","subj.01","solidity","ver2","test",11,"solidity_ver2_n_test.mp4","solidity_ver2_n_testX.wav",35000
"12","subj.01","continuity","ver2","cont",12,"continuity_ver2_n_cont.mp4","continuity_ver2_n_contX.wav",34000
"13","subj.01","gravity","ver2","cont",13,"gravity_ver2_n_cont.mp4","gravity_ver2_n_contX.wav",30000
"14","subj.02","attentioncheck",NA,NA,1,"attentioncheck.mp4","attentioncheckX.wav",24100
"15","subj.02","gravity","ver1","cont",2,"gravity_ver1_n_cont.mp4","gravity_ver1_n_contX.wav",30200
"16","subj.02","continuity","ver1","test",3,"continuity_ver1_n_test.mp4","continuity_ver1_n_testX.wav",31000
"17","subj.02","solidity","ver1","cont",4,"solidity_ver1_n_cont.mp4","solidity_ver1_n_contX.wav",38600
"18","subj.02","continuity","ver1","cont",5,"continuity_ver1_n_cont.mp4","continuity_ver1_n_contX.wav",31000
"19","subj.02","gravity","ver1","test",6,"gravity_ver1_n_test.mp4","gravity_ver1_n_testX.wav",30200
"20","subj.02","solidity","ver1","test",7,"solidity_ver1_n_test.mp4","solidity_ver1_n_testX.wav",38600
"21","subj.02","gravity","ver2","cont",8,"gravity_ver2_n_cont.mp4","gravity_ver2_n_contX.wav",30000
"22","subj.02","continuity","ver2","cont",9,"continuity_ver2_n_cont.mp4","continuity_ver2_n_contX.wav",34000
"23","subj.02","solidity","ver2","test",10,"solidity_ver2_n_test.mp4","solidity_ver2_n_testX.wav",35000
"24","subj.02","solidity","ver2","cont",11,"solidity_ver2_n_cont.mp4","solidity_ver2_n_contX.wav",35000
"25","subj.02","continuity","ver2","test",12,"continuity_ver2_n_test.mp4","continuity_ver2_n_testX.wav",34000
"26","subj.02","gravity","ver2","test",13,"gravity_ver2_n_test.mp4","gravity_ver2_n_testX.wav",30000
"27","subj.03","attentioncheck",NA,NA,1,"attentioncheck.mp4","attentioncheckX.wav",24100
"28","subj.03","solidity","ver1","test",2,"solidity_ver1_n_test.mp4","solidity_ver1_n_testX.wav",38600
"29","subj.03","gravity","ver1","test",3,"gravity_ver1_n_test.mp4","gravity_ver1_n_testX.wav",30200
"30","subj.03","continuity","ver1","cont",4,"continuity_ver1_n_cont.mp4","continuity_ver1_n_contX.wav",31000
"31","subj.03","solidity","ver1","cont",5,"solidity_ver1_n_cont.mp4","solidity_ver1_n_contX.wav",38600
"32","subj.03","continuity","ver1","test",6,"continuity_ver1_n_test.mp4","continuity_ver1_n_testX.wav",31000
"33","subj.03","gravity","ver1","cont",7,"gravity_ver1_n_cont.mp4","gravity_ver1_n_contX.wav",30200
"34","subj.03","gravity","ver2","test",8,"gravity_ver2_n_test.mp4","gravity_ver2_n_testX.wav",30000
"35","subj.03","continuity","ver2","cont",9,"continuity_ver2_n_cont.mp4","continuity_ver2_n_contX.wav",34000
"36","subj.03","solidity","ver2","cont",10,"solidity_ver2_n_cont.mp4","solidity_ver2_n_contX.wav",35000
"37","subj.03","continuity","ver2","test",11,"continuity_ver2_n_test.mp4","continuity_ver2_n_testX.wav",34000
"38","subj.03","solidity","ver2","test",12,"solidity_ver2_n_test.mp4","solidity_ver2_n_testX.wav",35000
"39","subj.03","gravity","ver2","cont",13,"gravity_ver2_n_cont.mp4","gravity_ver2_n_contX.wav",30000
"40","subj.04","attentioncheck",NA,NA,1,"attentioncheck.mp4","attentioncheckX.wav",24100
"41","subj.04","solidity","ver1","cont",2,"solidity_ver1_n_cont.mp4","solidity_ver1_n_contX.wav",38600
"42","subj.04","continuity","ver1","test",3,"continuity_ver1_n_test.mp4","continuity_ver1_n_testX.wav",31000
"43","subj.04","gravity","ver1","cont",4,"gravity_ver1_n_cont.mp4","gravity_ver1_n_contX.wav",30200
"44","subj.04","continuity","ver1","cont",5,"continuity_ver1_n_cont.mp4","continuity_ver1_n_contX.wav",31000
"45","subj.04","solidity","ver1","test",6,"solidity_ver1_n_test.mp4","solidity_ver1_n_testX.wav",38600
"46","subj.04","gravity","ver1","test",7,"gravity_ver1_n_test.mp4","gravity_ver1_n_testX.wav",30200
"47","subj.04","solidity","ver2","cont",8,"solidity_ver2_n_cont.mp4","solidity_ver2_n_contX.wav",35000
"48","subj.04","gravity","ver2","cont",9,"gravity_ver2_n_cont.mp4","gravity_ver2_n_contX.wav",30000
"49","subj.04","continuity","ver2","test",10,"continuity_ver2_n_test.mp4","continuity_ver2_n_testX.wav",34000
"50","subj.04","solidity","ver2","test",11,"solidity_ver2_n_test.mp4","solidity_ver2_n_testX.wav",35000
"51","subj.04","gravity","ver2","test",12,"gravity_ver2_n_test.mp4","gravity_ver2_n_testX.wav",30000
"52","subj.04","continuity","ver2","cont",13,"continuity_ver2_n_cont.mp4","continuity_ver2_n_contX.wav",34000
"53","subj.05","attentioncheck",NA,NA,1,"attentioncheck.mp4","attentioncheckX.wav",24100
"54","subj.05","continuity","ver1","test",2,"continuity_ver1_n_test.mp4","continuity_ver1_n_testX.wav",31000
"55","subj.05","gravity","ver1","test",3,"gravity_ver1_n_test.mp4","gravity_ver1_n_testX.wav",30200
"56","subj.05","solidity","ver1","cont",4,"solidity_ver1_n_cont.mp4","solidity_ver1_n_contX.wav",38600
"57","subj.05","continuity","ver1","cont",5,"continuity_ver1_n_cont.mp4","continuity_ver1_n_contX.wav",31000
"58","subj.05","gravity","ver1","cont",6,"gravity_ver1_n_cont.mp4","gravity_ver1_n_contX.wav",30200
"59","subj.05","solidity","ver1","test",7,"solidity_ver1_n_test.mp4","solidity_ver1_n_testX.wav",38600
"60","subj.05","continuity","ver2","cont",8,"continuity_ver2_n_cont.mp4","continuity_ver2_n_contX.wav",34000
"61","subj.05","solidity","ver2","test",9,"solidity_ver2_n_test.mp4","solidity_ver2_n_testX.wav",35000
"62","subj.05","gravity","ver2","cont",10,"gravity_ver2_n_cont.mp4","gravity_ver2_n_contX.wav",30000
"63","subj.05","solidity","ver2","cont",11,"solidity_ver2_n_cont.mp4","solidity_ver2_n_contX.wav",35000
"64","subj.05","continuity","ver2","test",12,"continuity_ver2_n_test.mp4","continuity_ver2_n_testX.wav",34000
"65","subj.05","gravity","ver2","test",13,"gravity_ver2_n_test.mp4","gravity_ver2_n_testX.wav",30000
"66","subj.06","attentioncheck",NA,NA,1,"attentioncheck.mp4","attentioncheckX.wav",24100
"67","subj.06","solidity","ver1","cont",2,"solidity_ver1_n_cont.mp4","solidity_ver1_n_contX.wav",38600
"68","subj.06","continuity","ver1","test",3,"continuity_ver1_n_test.mp4","continuity_ver1_n_testX.wav",31000
"69","subj.06","gravity","ver1","test",4,"gravity_ver1_n_test.mp4","gravity_ver1_n_testX.wav",30200
"70","subj.06","gravity","ver1","cont",5,"gravity_ver1_n_cont.mp4","gravity_ver1_n_contX.wav",30200
"71","subj.06","solidity","ver1","test",6,"solidity_ver1_n_test.mp4","solidity_ver1_n_testX.wav",38600
"72","subj.06","continuity","ver1","cont",7,"continuity_ver1_n_cont.mp4","continuity_ver1_n_contX.wav",31000
"73","subj.06","continuity","ver2","test",8,"continuity_ver2_n_test.mp4","continuity_ver2_n_testX.wav",34000
"74","subj.06","gravity","ver2","test",9,"gravity_ver2_n_test.mp4","gravity_ver2_n_testX.wav",30000
"75","subj.06","solidity","ver2","cont",10,"solidity_ver2_n_cont.mp4","solidity_ver2_n_contX.wav",35000
"76","subj.06","solidity","ver2","test",11,"solidity_ver2_n_test.mp4","solidity_ver2_n_testX.wav",35000
"77","subj.06","gravity","ver2","cont",12,"gravity_ver2_n_cont.mp4","gravity_ver2_n_contX.wav",30000
"78","subj.06","continuity","ver2","cont",13,"continuity_ver2_n_cont.mp4","continuity_ver2_n_contX.wav",34000
"79","subj.07","attentioncheck",NA,NA,1,"attentioncheck.mp4","attentioncheckX.wav",24100
"80","subj.07","solidity","ver1","cont",2,"solidity_ver1_n_cont.mp4","solidity_ver1_n_contX.wav",38600
"81","subj.07","continuity","ver1","test",3,"continuity_ver1_n_test.mp4","continuity_ver1_n_testX.wav",31000
"82","subj.07","gravity","ver1","cont",4,"gravity_ver1_n_cont.mp4","gravity_ver1_n_contX.wav",30200
"83","subj.07","solidity","ver1","test",5,"solidity_ver1_n_test.mp4","solidity_ver1_n_testX.wav",38600
"84","subj.07","gravity","ver1","test",6,"gravity_ver1_n_test.mp4","gravity_ver1_n_testX.wav",30200
"85","subj.07","continuity","ver1","cont",7,"continuity_ver1_n_cont.mp4","continuity_ver1_n_contX.wav",31000
"86","subj.07","gravity","ver2","test",8,"gravity_ver2_n_test.mp4","gravity_ver2_n_testX.wav",30000
"87","subj.07","solidity","ver2","test",9,"solidity_ver2_n_test.mp4","solidity_ver2_n_testX.wav",35000
"88","subj.07","continuity","ver2","cont",10,"continuity_ver2_n_cont.mp4","continuity_ver2_n_contX.wav",34000
"89","subj.07","gravity","ver2","cont",11,"gravity_ver2_n_cont.mp4","gravity_ver2_n_contX.wav",30000
"90","subj.07","solidity","ver2","cont",12,"solidity_ver2_n_cont.mp4","solidity_ver2_n_contX.wav",35000
"91","subj.07","continuity","ver2","test",13,"continuity_ver2_n_test.mp4","continuity_ver2_n_testX.wav",34000
"92","subj.08","attentioncheck",NA,NA,1,"attentioncheck.mp4","attentioncheckX.wav",24100
"93","subj.08","gravity","ver1","test",2,"gravity_ver1_n_test.mp4","gravity_ver1_n_testX.wav",30200
"94","subj.08","continuity","ver1","cont",3,"continuity_ver1_n_cont.mp4","continuity_ver1_n_contX.wav",31000
"95","subj.08","solidity","ver1","test",4,"solidity_ver1_n_test.mp4","solidity_ver1_n_testX.wav",38600
"96","subj.08","solidity","ver1","cont",5,"solidity_ver1_n_cont.mp4","solidity_ver1_n_contX.wav",38600
"97","subj.08","gravity","ver1","cont",6,"gravity_ver1_n_cont.mp4","gravity_ver1_n_contX.wav",30200
"98","subj.08","continuity","ver1","test",7,"continuity_ver1_n_test.mp4","continuity_ver1_n_testX.wav",31000
"99","subj.08","solidity","ver2","test",8,"solidity_ver2_n_test.mp4","solidity_ver2_n_testX.wav",35000
"100","subj.08","continuity","ver2","test",9,"continuity_ver2_n_test.mp4","continuity_ver2_n_testX.wav",34000
"101","subj.08","gravity","ver2","cont",10,"gravity_ver2_n_cont.mp4","gravity_ver2_n_contX.wav",30000
"102","subj.08","continuity","ver2","cont",11,"continuity_ver2_n_cont.mp4","continuity_ver2_n_contX.wav",34000
"103","subj.08","solidity","ver2","cont",12,"solidity_ver2_n_cont.mp4","solidity_ver2_n_contX.wav",35000
"104","subj.08","gravity","ver2","test",13,"gravity_ver2_n_test.mp4","gravity_ver2_n_testX.wav",30000
"105","subj.09","attentioncheck",NA,NA,1,"attentioncheck.mp4","attentioncheckX.wav",24100
"106","subj.09","gravity","ver1","test",2,"gravity_ver1_n_test.mp4","gravity_ver1_n_testX.wav",30200
"107","subj.09","solidity","ver1","cont",3,"solidity_ver1_n_cont.mp4","solidity_ver1_n_contX.wav",38600
"108","subj.09","continuity","ver1","cont",4,"continuity_ver1_n_cont.mp4","continuity_ver1_n_contX.wav",31000
"109","subj.09","continuity","ver1","test",5,"continuity_ver1_n_test.mp4","continuity_ver1_n_testX.wav",31000
"110","subj.09","solidity","ver1","test",6,"solidity_ver1_n_test.mp4","solidity_ver1_n_testX.wav",38600
"111","subj.09","gravity","ver1","cont",7,"gravity_ver1_n_cont.mp4","gravity_ver1_n_contX.wav",30200
"112","subj.09","gravity","ver2","test",8,"gravity_ver2_n_test.mp4","gravity_ver2_n_testX.wav",30000
"113","subj.09","solidity","ver2","cont",9,"solidity_ver2_n_cont.mp4","solidity_ver2_n_contX.wav",35000
"114","subj.09","continuity","ver2","cont",10,"continuity_ver2_n_cont.mp4","continuity_ver2_n_contX.wav",34000
"115","subj.09","solidity","ver2","test",11,"solidity_ver2_n_test.mp4","solidity_ver2_n_testX.wav",35000
"116","subj.09","continuity","ver2","test",12,"continuity_ver2_n_test.mp4","continuity_ver2_n_testX.wav",34000
"117","subj.09","gravity","ver2","cont",13,"gravity_ver2_n_cont.mp4","gravity_ver2_n_contX.wav",30000
"118","subj.10","attentioncheck",NA,NA,1,"attentioncheck.mp4","attentioncheckX.wav",24100
"119","subj.10","continuity","ver1","test",2,"continuity_ver1_n_test.mp4","continuity_ver1_n_testX.wav",31000
"120","subj.10","solidity","ver1","cont",3,"solidity_ver1_n_cont.mp4","solidity_ver1_n_contX.wav",38600
"121","subj.10","gravity","ver1","test",4,"gravity_ver1_n_test.mp4","gravity_ver1_n_testX.wav",30200
"122","subj.10","solidity","ver1","test",5,"solidity_ver1_n_test.mp4","solidity_ver1_n_testX.wav",38600
"123","subj.10","continuity","ver1","cont",6,"continuity_ver1_n_cont.mp4","continuity_ver1_n_contX.wav",31000
"124","subj.10","gravity","ver1","cont",7,"gravity_ver1_n_cont.mp4","gravity_ver1_n_contX.wav",30200
"125","subj.10","continuity","ver2","cont",8,"continuity_ver2_n_cont.mp4","continuity_ver2_n_contX.wav",34000
"126","subj.10","gravity","ver2","test",9,"gravity_ver2_n_test.mp4","gravity_ver2_n_testX.wav",30000
"127","subj.10","solidity","ver2","test",10,"solidity_ver2_n_test.mp4","solidity_ver2_n_testX.wav",35000
"128","subj.10","gravity","ver2","cont",11,"gravity_ver2_n_cont.mp4","gravity_ver2_n_contX.wav",30000
"129","subj.10","solidity","ver2","cont",12,"solidity_ver2_n_cont.mp4","solidity_ver2_n_contX.wav",35000
"130","subj.10","continuity","ver2","test",13,"continuity_ver2_n_test.mp4","continuity_ver2_n_testX.wav",34000
"131","subj.11","attentioncheck",NA,NA,1,"attentioncheck.mp4","attentioncheckX.wav",24100
"132","subj.11","gravity","ver1","test",2,"gravity_ver1_n_test.mp4","gravity_ver1_n_testX.wav",30200
"133","subj.11","continuity","ver1","cont",3,"continuity_ver1_n_cont.mp4","continuity_ver1_n_contX.wav",31000
"134","subj.11","solidity","ver1","test",4,"solidity_ver1_n_test.mp4","solidity_ver1_n_testX.wav",38600
"135","subj.11","solidity","ver1","cont",5,"solidity_ver1_n_cont.mp4","solidity_ver1_n_contX.wav",38600
"136","subj.11","gravity","ver1","cont",6,"gravity_ver1_n_cont.mp4","gravity_ver1_n_contX.wav",30200
"137","subj.11","continuity","ver1","test",7,"continuity_ver1_n_test.mp4","continuity_ver1_n_testX.wav",31000
"138","subj.11","continuity","ver2","test",8,"continuity_ver2_n_test.mp4","continuity_ver2_n_testX.wav",34000
"139","subj.11","solidity","ver2","cont",9,"solidity_ver2_n_cont.mp4","solidity_ver2_n_contX.wav",35000
"140","subj.11","gravity","ver2","cont",10,"gravity_ver2_n_cont.mp4","gravity_ver2_n_contX.wav",30000
"141","subj.11","gravity","ver2","test",11,"gravity_ver2_n_test.mp4","gravity_ver2_n_testX.wav",30000
"142","subj.11","continuity","ver2","cont",12,"continuity_ver2_n_cont.mp4","continuity_ver2_n_contX.wav",34000
"143","subj.11","solidity","ver2","test",13,"solidity_ver2_n_test.mp4","solidity_ver2_n_testX.wav",35000
"144","subj.12","attentioncheck",NA,NA,1,"attentioncheck.mp4","attentioncheckX.wav",24100
"145","subj.12","gravity","ver1","cont",2,"gravity_ver1_n_cont.mp4","gravity_ver1_n_contX.wav",30200
"146","subj.12","solidity","ver1","cont",3,"solidity_ver1_n_cont.mp4","solidity_ver1_n_contX.wav",38600
"147","subj.12","continuity","ver1","test",4,"continuity_ver1_n_test.mp4","continuity_ver1_n_testX.wav",31000
"148","subj.12","continuity","ver1","cont",5,"continuity_ver1_n_cont.mp4","continuity_ver1_n_contX.wav",31000
"149","subj.12","gravity","ver1","test",6,"gravity_ver1_n_test.mp4","gravity_ver1_n_testX.wav",30200
"150","subj.12","solidity","ver1","test",7,"solidity_ver1_n_test.mp4","solidity_ver1_n_testX.wav",38600
"151","subj.12","solidity","ver2","cont",8,"solidity_ver2_n_cont.mp4","solidity_ver2_n_contX.wav",35000
"152","subj.12","continuity","ver2","test",9,"continuity_ver2_n_test.mp4","continuity_ver2_n_testX.wav",34000
"153","subj.12","gravity","ver2","test",10,"gravity_ver2_n_test.mp4","gravity_ver2_n_testX.wav",30000
"154","subj.12","gravity","ver2","cont",11,"gravity_ver2_n_cont.mp4","gravity_ver2_n_contX.wav",30000
"155","subj.12","continuity","ver2","cont",12,"continuity_ver2_n_cont.mp4","continuity_ver2_n_contX.wav",34000
"156","subj.12","solidity","ver2","test",13,"solidity_ver2_n_test.mp4","solidity_ver2_n_testX.wav",35000
"157","subj.13","attentioncheck",NA,NA,1,"attentioncheck.mp4","attentioncheckX.wav",24100
"158","subj.13","gravity","ver1","cont",2,"gravity_ver1_n_cont.mp4","gravity_ver1_n_contX.wav",30200
"159","subj.13","solidity","ver1","cont",3,"solidity_ver1_n_cont.mp4","solidity_ver1_n_contX.wav",38600
"160","subj.13","continuity","ver1","test",4,"continuity_ver1_n_test.mp4","continuity_ver1_n_testX.wav",31000
"161","subj.13","gravity","ver1","test",5,"gravity_ver1_n_test.mp4","gravity_ver1_n_testX.wav",30200
"162","subj.13","continuity","ver1","cont",6,"continuity_ver1_n_cont.mp4","continuity_ver1_n_contX.wav",31000
"163","subj.13","solidity","ver1","test",7,"solidity_ver1_n_test.mp4","solidity_ver1_n_testX.wav",38600
"164","subj.13","solidity","ver2","test",8,"solidity_ver2_n_test.mp4","solidity_ver2_n_testX.wav",35000
"165","subj.13","continuity","ver2","test",9,"continuity_ver2_n_test.mp4","continuity_ver2_n_testX.wav",34000
"166","subj.13","gravity","ver2","cont",10,"gravity_ver2_n_cont.mp4","gravity_ver2_n_contX.wav",30000
"167","subj.13","continuity","ver2","cont",11,"continuity_ver2_n_cont.mp4","continuity_ver2_n_contX.wav",34000
"168","subj.13","solidity","ver2","cont",12,"solidity_ver2_n_cont.mp4","solidity_ver2_n_contX.wav",35000
"169","subj.13","gravity","ver2","test",13,"gravity_ver2_n_test.mp4","gravity_ver2_n_testX.wav",30000
"170","subj.14","attentioncheck",NA,NA,1,"attentioncheck.mp4","attentioncheckX.wav",24100
"171","subj.14","solidity","ver1","test",2,"solidity_ver1_n_test.mp4","solidity_ver1_n_testX.wav",38600
"172","subj.14","continuity","ver1","test",3,"continuity_ver1_n_test.mp4","continuity_ver1_n_testX.wav",31000
"173","subj.14","gravity","ver1","cont",4,"gravity_ver1_n_cont.mp4","gravity_ver1_n_contX.wav",30200
"174","subj.14","gravity","ver1","test",5,"gravity_ver1_n_test.mp4","gravity_ver1_n_testX.wav",30200
"175","subj.14","solidity","ver1","cont",6,"solidity_ver1_n_cont.mp4","solidity_ver1_n_contX.wav",38600
"176","subj.14","continuity","ver1","cont",7,"continuity_ver1_n_cont.mp4","continuity_ver1_n_contX.wav",31000
"177","subj.14","continuity","ver2","cont",8,"continuity_ver2_n_cont.mp4","continuity_ver2_n_contX.wav",34000
"178","subj.14","gravity","ver2","test",9,"gravity_ver2_n_test.mp4","gravity_ver2_n_testX.wav",30000
"179","subj.14","solidity","ver2","test",10,"solidity_ver2_n_test.mp4","solidity_ver2_n_testX.wav",35000
"180","subj.14","continuity","ver2","test",11,"continuity_ver2_n_test.mp4","continuity_ver2_n_testX.wav",34000
"181","subj.14","solidity","ver2","cont",12,"solidity_ver2_n_cont.mp4","solidity_ver2_n_contX.wav",35000
"182","subj.14","gravity","ver2","cont",13,"gravity_ver2_n_cont.mp4","gravity_ver2_n_contX.wav",30000
"183","subj.15","attentioncheck",NA,NA,1,"attentioncheck.mp4","attentioncheckX.wav",24100
"184","subj.15","gravity","ver1","test",2,"gravity_ver1_n_test.mp4","gravity_ver1_n_testX.wav",30200
"185","subj.15","solidity","ver1","test",3,"solidity_ver1_n_test.mp4","solidity_ver1_n_testX.wav",38600
"186","subj.15","continuity","ver1","cont",4,"continuity_ver1_n_cont.mp4","continuity_ver1_n_contX.wav",31000
"187","subj.15","gravity","ver1","cont",5,"gravity_ver1_n_cont.mp4","gravity_ver1_n_contX.wav",30200
"188","subj.15","continuity","ver1","test",6,"continuity_ver1_n_test.mp4","continuity_ver1_n_testX.wav",31000
"189","subj.15","solidity","ver1","cont",7,"solidity_ver1_n_cont.mp4","solidity_ver1_n_contX.wav",38600
"190","subj.15","gravity","ver2","cont",8,"gravity_ver2_n_cont.mp4","gravity_ver2_n_contX.wav",30000
"191","subj.15","continuity","ver2","test",9,"continuity_ver2_n_test.mp4","continuity_ver2_n_testX.wav",34000
"192","subj.15","solidity","ver2","cont",10,"solidity_ver2_n_cont.mp4","solidity_ver2_n_contX.wav",35000
"193","subj.15","solidity","ver2","test",11,"solidity_ver2_n_test.mp4","solidity_ver2_n_testX.wav",35000
"194","subj.15","gravity","ver2","test",12,"gravity_ver2_n_test.mp4","gravity_ver2_n_testX.wav",30000
"195","subj.15","continuity","ver2","cont",13,"continuity_ver2_n_cont.mp4","continuity_ver2_n_contX.wav",34000
"196","subj.16","attentioncheck",NA,NA,1,"attentioncheck.mp4","attentioncheckX.wav",24100
"197","subj.16","solidity","ver1","test",2,"solidity_ver1_n_test.mp4","solidity_ver1_n_testX.wav",38600
"198","subj.16","continuity","ver1","test",3,"continuity_ver1_n_test.mp4","continuity_ver1_n_testX.wav",31000
"199","subj.16","gravity","ver1","cont",4,"gravity_ver1_n_cont.mp4","gravity_ver1_n_contX.wav",30200
"200","subj.16","continuity","ver1","cont",5,"continuity_ver1_n_cont.mp4","continuity_ver1_n_contX.wav",31000
"201","subj.16","gravity","ver1","test",6,"gravity_ver1_n_test.mp4","gravity_ver1_n_testX.wav",30200
"202","subj.16","solidity","ver1","cont",7,"solidity_ver1_n_cont.mp4","solidity_ver1_n_contX.wav",38600
"203","subj.16","gravity","ver2","cont",8,"gravity_ver2_n_cont.mp4","gravity_ver2_n_contX.wav",30000
"204","subj.16","continuity","ver2","test",9,"continuity_ver2_n_test.mp4","continuity_ver2_n_testX.wav",34000
"205","subj.16","solidity","ver2","cont",10,"solidity_ver2_n_cont.mp4","solidity_ver2_n_contX.wav",35000
"206","subj.16","continuity","ver2","cont",11,"continuity_ver2_n_cont.mp4","continuity_ver2_n_contX.wav",34000
"207","subj.16","solidity","ver2","test",12,"solidity_ver2_n_test.mp4","solidity_ver2_n_testX.wav",35000
"208","subj.16","gravity","ver2","test",13,"gravity_ver2_n_test.mp4","gravity_ver2_n_testX.wav",30000
"209","subj.17","attentioncheck",NA,NA,1,"attentioncheck.mp4","attentioncheckX.wav",24100
"210","subj.17","continuity","ver1","cont",2,"continuity_ver1_n_cont.mp4","continuity_ver1_n_contX.wav",31000
"211","subj.17","solidity","ver1","test",3,"solidity_ver1_n_test.mp4","solidity_ver1_n_testX.wav",38600
"212","subj.17","gravity","ver1","test",4,"gravity_ver1_n_test.mp4","gravity_ver1_n_testX.wav",30200
"213","subj.17","continuity","ver1","test",5,"continuity_ver1_n_test.mp4","continuity_ver1_n_testX.wav",31000
"214","subj.17","solidity","ver1","cont",6,"solidity_ver1_n_cont.mp4","solidity_ver1_n_contX.wav",38600
"215","subj.17","gravity","ver1","cont",7,"gravity_ver1_n_cont.mp4","gravity_ver1_n_contX.wav",30200
"216","subj.17","solidity","ver2","cont",8,"solidity_ver2_n_cont.mp4","solidity_ver2_n_contX.wav",35000
"217","subj.17","continuity","ver2","cont",9,"continuity_ver2_n_cont.mp4","continuity_ver2_n_contX.wav",34000
"218","subj.17","gravity","ver2","test",10,"gravity_ver2_n_test.mp4","gravity_ver2_n_testX.wav",30000
"219","subj.17","continuity","ver2","test",11,"continuity_ver2_n_test.mp4","continuity_ver2_n_testX.wav",34000
"220","subj.17","solidity","ver2","test",12,"solidity_ver2_n_test.mp4","solidity_ver2_n_testX.wav",35000
"221","subj.17","gravity","ver2","cont",13,"gravity_ver2_n_cont.mp4","gravity_ver2_n_contX.wav",30000
"222","subj.18","attentioncheck",NA,NA,1,"attentioncheck.mp4","attentioncheckX.wav",24100
"223","subj.18","continuity","ver1","test",2,"continuity_ver1_n_test.mp4","continuity_ver1_n_testX.wav",31000
"224","subj.18","gravity","ver1","test",3,"gravity_ver1_n_test.mp4","gravity_ver1_n_testX.wav",30200
"225","subj.18","solidity","ver1","cont",4,"solidity_ver1_n_cont.mp4","solidity_ver1_n_contX.wav",38600
"226","subj.18","continuity","ver1","cont",5,"continuity_ver1_n_cont.mp4","continuity_ver1_n_contX.wav",31000
"227","subj.18","solidity","ver1","test",6,"solidity_ver1_n_test.mp4","solidity_ver1_n_testX.wav",38600
"228","subj.18","gravity","ver1","cont",7,"gravity_ver1_n_cont.mp4","gravity_ver1_n_contX.wav",30200
"229","subj.18","gravity","ver2","cont",8,"gravity_ver2_n_cont.mp4","gravity_ver2_n_contX.wav",30000
"230","subj.18","solidity","ver2","test",9,"solidity_ver2_n_test.mp4","solidity_ver2_n_testX.wav",35000
"231","subj.18","continuity","ver2","cont",10,"continuity_ver2_n_cont.mp4","continuity_ver2_n_contX.wav",34000
"232","subj.18","solidity","ver2","cont",11,"solidity_ver2_n_cont.mp4","solidity_ver2_n_contX.wav",35000
"233","subj.18","gravity","ver2","test",12,"gravity_ver2_n_test.mp4","gravity_ver2_n_testX.wav",30000
"234","subj.18","continuity","ver2","test",13,"continuity_ver2_n_test.mp4","continuity_ver2_n_testX.wav",34000
"235","subj.19","attentioncheck",NA,NA,1,"attentioncheck.mp4","attentioncheckX.wav",24100
"236","subj.19","solidity","ver1","cont",2,"solidity_ver1_n_cont.mp4","solidity_ver1_n_contX.wav",38600
"237","subj.19","continuity","ver1","cont",3,"continuity_ver1_n_cont.mp4","continuity_ver1_n_contX.wav",31000
"238","subj.19","gravity","ver1","test",4,"gravity_ver1_n_test.mp4","gravity_ver1_n_testX.wav",30200
"239","subj.19","continuity","ver1","test",5,"continuity_ver1_n_test.mp4","continuity_ver1_n_testX.wav",31000
"240","subj.19","solidity","ver1","test",6,"solidity_ver1_n_test.mp4","solidity_ver1_n_testX.wav",38600
"241","subj.19","gravity","ver1","cont",7,"gravity_ver1_n_cont.mp4","gravity_ver1_n_contX.wav",30200
"242","subj.19","solidity","ver2","cont",8,"solidity_ver2_n_cont.mp4","solidity_ver2_n_contX.wav",35000
"243","subj.19","gravity","ver2","test",9,"gravity_ver2_n_test.mp4","gravity_ver2_n_testX.wav",30000
"244","subj.19","continuity","ver2","test",10,"continuity_ver2_n_test.mp4","continuity_ver2_n_testX.wav",34000
"245","subj.19","solidity","ver2","test",11,"solidity_ver2_n_test.mp4","solidity_ver2_n_testX.wav",35000
"246","subj.19","continuity","ver2","cont",12,"continuity_ver2_n_cont.mp4","continuity_ver2_n_contX.wav",34000
"247","subj.19","gravity","ver2","cont",13,"gravity_ver2_n_cont.mp4","gravity_ver2_n_contX.wav",30000
"248","subj.20","attentioncheck",NA,NA,1,"attentioncheck.mp4","attentioncheckX.wav",24100
"249","subj.20","gravity","ver1","cont",2,"gravity_ver1_n_cont.mp4","gravity_ver1_n_contX.wav",30200
"250","subj.20","solidity","ver1","test",3,"solidity_ver1_n_test.mp4","solidity_ver1_n_testX.wav",38600
"251","subj.20","continuity","ver1","test",4,"continuity_ver1_n_test.mp4","continuity_ver1_n_testX.wav",31000
"252","subj.20","continuity","ver1","cont",5,"continuity_ver1_n_cont.mp4","continuity_ver1_n_contX.wav",31000
"253","subj.20","gravity","ver1","test",6,"gravity_ver1_n_test.mp4","gravity_ver1_n_testX.wav",30200
"254","subj.20","solidity","ver1","cont",7,"solidity_ver1_n_cont.mp4","solidity_ver1_n_contX.wav",38600
"255","subj.20","continuity","ver2","cont",8,"continuity_ver2_n_cont.mp4","continuity_ver2_n_contX.wav",34000
"256","subj.20","solidity","ver2","test",9,"solidity_ver2_n_test.mp4","solidity_ver2_n_testX.wav",35000
"257","subj.20","gravity","ver2","test",10,"gravity_ver2_n_test.mp4","gravity_ver2_n_testX.wav",30000
"258","subj.20","continuity","ver2","test",11,"continuity_ver2_n_test.mp4","continuity_ver2_n_testX.wav",34000
"259","subj.20","solidity","ver2","cont",12,"solidity_ver2_n_cont.mp4","solidity_ver2_n_contX.wav",35000
"260","subj.20","gravity","ver2","cont",13,"gravity_ver2_n_cont.mp4","gravity_ver2_n_contX.wav",30000
"261","subj.21","attentioncheck",NA,NA,1,"attentioncheck.mp4","attentioncheckX.wav",24100
"262","subj.21","gravity","ver2","cont",2,"gravity_ver2_n_cont.mp4","gravity_ver2_n_contX.wav",30000
"263","subj.21","continuity","ver2","cont",3,"continuity_ver2_n_cont.mp4","continuity_ver2_n_contX.wav",34000
"264","subj.21","solidity","ver2","test",4,"solidity_ver2_n_test.mp4","solidity_ver2_n_testX.wav",35000
"265","subj.21","solidity","ver2","cont",5,"solidity_ver2_n_cont.mp4","solidity_ver2_n_contX.wav",35000
"266","subj.21","continuity","ver2","test",6,"continuity_ver2_n_test.mp4","continuity_ver2_n_testX.wav",34000
"267","subj.21","gravity","ver2","test",7,"gravity_ver2_n_test.mp4","gravity_ver2_n_testX.wav",30000
"268","subj.21","solidity","ver1","cont",8,"solidity_ver1_n_cont.mp4","solidity_ver1_n_contX.wav",38600
"269","subj.21","gravity","ver1","cont",9,"gravity_ver1_n_cont.mp4","gravity_ver1_n_contX.wav",30200
"270","subj.21","continuity","ver1","test",10,"continuity_ver1_n_test.mp4","continuity_ver1_n_testX.wav",31000
"271","subj.21","solidity","ver1","test",11,"solidity_ver1_n_test.mp4","solidity_ver1_n_testX.wav",38600
"272","subj.21","gravity","ver1","test",12,"gravity_ver1_n_test.mp4","gravity_ver1_n_testX.wav",30200
"273","subj.21","continuity","ver1","cont",13,"continuity_ver1_n_cont.mp4","continuity_ver1_n_contX.wav",31000
"274","subj.22","attentioncheck",NA,NA,1,"attentioncheck.mp4","attentioncheckX.wav",24100
"275","subj.22","solidity","ver2","cont",2,"solidity_ver2_n_cont.mp4","solidity_ver2_n_contX.wav",35000
"276","subj.22","gravity","ver2","test",3,"gravity_ver2_n_test.mp4","gravity_ver2_n_testX.wav",30000
"277","subj.22","continuity","ver2","test",4,"continuity_ver2_n_test.mp4","continuity_ver2_n_testX.wav",34000
"278","subj.22","solidity","ver2","test",5,"solidity_ver2_n_test.mp4","solidity_ver2_n_testX.wav",35000
"279","subj.22","gravity","ver2","cont",6,"gravity_ver2_n_cont.mp4","gravity_ver2_n_contX.wav",30000
"280","subj.22","continuity","ver2","cont",7,"continuity_ver2_n_cont.mp4","continuity_ver2_n_contX.wav",34000
"281","subj.22","continuity","ver1","cont",8,"continuity_ver1_n_cont.mp4","continuity_ver1_n_contX.wav",31000
"282","subj.22","gravity","ver1","test",9,"gravity_ver1_n_test.mp4","gravity_ver1_n_testX.wav",30200
"283","subj.22","solidity","ver1","test",10,"solidity_ver1_n_test.mp4","solidity_ver1_n_testX.wav",38600
"284","subj.22","continuity","ver1","test",11,"continuity_ver1_n_test.mp4","continuity_ver1_n_testX.wav",31000
"285","subj.22","gravity","ver1","cont",12,"gravity_ver1_n_cont.mp4","gravity_ver1_n_contX.wav",30200
"286","subj.22","solidity","ver1","cont",13,"solidity_ver1_n_cont.mp4","solidity_ver1_n_contX.wav",38600
"287","subj.23","attentioncheck",NA,NA,1,"attentioncheck.mp4","attentioncheckX.wav",24100
"288","subj.23","solidity","ver2","cont",2,"solidity_ver2_n_cont.mp4","solidity_ver2_n_contX.wav",35000
"289","subj.23","gravity","ver2","test",3,"gravity_ver2_n_test.mp4","gravity_ver2_n_testX.wav",30000
"290","subj.23","continuity","ver2","cont",4,"continuity_ver2_n_cont.mp4","continuity_ver2_n_contX.wav",34000
"291","subj.23","gravity","ver2","cont",5,"gravity_ver2_n_cont.mp4","gravity_ver2_n_contX.wav",30000
"292","subj.23","solidity","ver2","test",6,"solidity_ver2_n_test.mp4","solidity_ver2_n_testX.wav",35000
"293","subj.23","continuity","ver2","test",7,"continuity_ver2_n_test.mp4","continuity_ver2_n_testX.wav",34000
"294","subj.23","gravity","ver1","cont",8,"gravity_ver1_n_cont.mp4","gravity_ver1_n_contX.wav",30200
"295","subj.23","continuity","ver1","cont",9,"continuity_ver1_n_cont.mp4","continuity_ver1_n_contX.wav",31000
"296","subj.23","solidity","ver1","test",10,"solidity_ver1_n_test.mp4","solidity_ver1_n_testX.wav",38600
"297","subj.23","continuity","ver1","test",11,"continuity_ver1_n_test.mp4","continuity_ver1_n_testX.wav",31000
"298","subj.23","solidity","ver1","cont",12,"solidity_ver1_n_cont.mp4","solidity_ver1_n_contX.wav",38600
"299","subj.23","gravity","ver1","test",13,"gravity_ver1_n_test.mp4","gravity_ver1_n_testX.wav",30200
"300","subj.24","attentioncheck",NA,NA,1,"attentioncheck.mp4","attentioncheckX.wav",24100
"301","subj.24","solidity","ver2","cont",2,"solidity_ver2_n_cont.mp4","solidity_ver2_n_contX.wav",35000
"302","subj.24","continuity","ver2","test",3,"continuity_ver2_n_test.mp4","continuity_ver2_n_testX.wav",34000
"303","subj.24","gravity","ver2","test",4,"gravity_ver2_n_test.mp4","gravity_ver2_n_testX.wav",30000
"304","subj.24","gravity","ver2","cont",5,"gravity_ver2_n_cont.mp4","gravity_ver2_n_contX.wav",30000
"305","subj.24","continuity","ver2","cont",6,"continuity_ver2_n_cont.mp4","continuity_ver2_n_contX.wav",34000
"306","subj.24","solidity","ver2","test",7,"solidity_ver2_n_test.mp4","solidity_ver2_n_testX.wav",35000
"307","subj.24","continuity","ver1","test",8,"continuity_ver1_n_test.mp4","continuity_ver1_n_testX.wav",31000
"308","subj.24","gravity","ver1","test",9,"gravity_ver1_n_test.mp4","gravity_ver1_n_testX.wav",30200
"309","subj.24","solidity","ver1","cont",10,"solidity_ver1_n_cont.mp4","solidity_ver1_n_contX.wav",38600
"310","subj.24","gravity","ver1","cont",11,"gravity_ver1_n_cont.mp4","gravity_ver1_n_contX.wav",30200
"311","subj.24","solidity","ver1","test",12,"solidity_ver1_n_test.mp4","solidity_ver1_n_testX.wav",38600
"312","subj.24","continuity","ver1","cont",13,"continuity_ver1_n_cont.mp4","continuity_ver1_n_contX.wav",31000
"313","subj.25","attentioncheck",NA,NA,1,"attentioncheck.mp4","attentioncheckX.wav",24100
"314","subj.25","solidity","ver2","test",2,"solidity_ver2_n_test.mp4","solidity_ver2_n_testX.wav",35000
"315","subj.25","gravity","ver2","cont",3,"gravity_ver2_n_cont.mp4","gravity_ver2_n_contX.wav",30000
"316","subj.25","continuity","ver2","cont",4,"continuity_ver2_n_cont.mp4","continuity_ver2_n_contX.wav",34000
"317","subj.25","solidity","ver2","cont",5,"solidity_ver2_n_cont.mp4","solidity_ver2_n_contX.wav",35000
"318","subj.25","continuity","ver2","test",6,"continuity_ver2_n_test.mp4","continuity_ver2_n_testX.wav",34000
"319","subj.25","gravity","ver2","test",7,"gravity_ver2_n_test.mp4","gravity_ver2_n_testX.wav",30000
"320","subj.25","solidity","ver1","cont",8,"solidity_ver1_n_cont.mp4","solidity_ver1_n_contX.wav",38600
"321","subj.25","gravity","ver1","test",9,"gravity_ver1_n_test.mp4","gravity_ver1_n_testX.wav",30200
"322","subj.25","continuity","ver1","cont",10,"continuity_ver1_n_cont.mp4","continuity_ver1_n_contX.wav",31000
"323","subj.25","continuity","ver1","test",11,"continuity_ver1_n_test.mp4","continuity_ver1_n_testX.wav",31000
"324","subj.25","gravity","ver1","cont",12,"gravity_ver1_n_cont.mp4","gravity_ver1_n_contX.wav",30200
"325","subj.25","solidity","ver1","test",13,"solidity_ver1_n_test.mp4","solidity_ver1_n_testX.wav",38600
"326","subj.26","attentioncheck",NA,NA,1,"attentioncheck.mp4","attentioncheckX.wav",24100
"327","subj.26","solidity","ver2","test",2,"solidity_ver2_n_test.mp4","solidity_ver2_n_testX.wav",35000
"328","subj.26","gravity","ver2","test",3,"gravity_ver2_n_test.mp4","gravity_ver2_n_testX.wav",30000
"329","subj.26","continuity","ver2","cont",4,"continuity_ver2_n_cont.mp4","continuity_ver2_n_contX.wav",34000
"330","subj.26","solidity","ver2","cont",5,"solidity_ver2_n_cont.mp4","solidity_ver2_n_contX.wav",35000
"331","subj.26","continuity","ver2","test",6,"continuity_ver2_n_test.mp4","continuity_ver2_n_testX.wav",34000
"332","subj.26","gravity","ver2","cont",7,"gravity_ver2_n_cont.mp4","gravity_ver2_n_contX.wav",30000
"333","subj.26","gravity","ver1","cont",8,"gravity_ver1_n_cont.mp4","gravity_ver1_n_contX.wav",30200
"334","subj.26","solidity","ver1","cont",9,"solidity_ver1_n_cont.mp4","solidity_ver1_n_contX.wav",38600
"335","subj.26","continuity","ver1","test",10,"continuity_ver1_n_test.mp4","continuity_ver1_n_testX.wav",31000
"336","subj.26","gravity","ver1","test",11,"gravity_ver1_n_test.mp4","gravity_ver1_n_testX.wav",30200
"337","subj.26","continuity","ver1","cont",12,"continuity_ver1_n_cont.mp4","continuity_ver1_n_contX.wav",31000
"338","subj.26","solidity","ver1","test",13,"solidity_ver1_n_test.mp4","solidity_ver1_n_testX.wav",38600
"339","subj.27","attentioncheck",NA,NA,1,"attentioncheck.mp4","attentioncheckX.wav",24100
"340","subj.27","gravity","ver2","cont",2,"gravity_ver2_n_cont.mp4","gravity_ver2_n_contX.wav",30000
"341","subj.27","solidity","ver2","test",3,"solidity_ver2_n_test.mp4","solidity_ver2_n_testX.wav",35000
"342","subj.27","continuity","ver2","test",4,"continuity_ver2_n_test.mp4","continuity_ver2_n_testX.wav",34000
"343","subj.27","gravity","ver2","test",5,"gravity_ver2_n_test.mp4","gravity_ver2_n_testX.wav",30000
"344","subj.27","solidity","ver2","cont",6,"solidity_ver2_n_cont.mp4","solidity_ver2_n_contX.wav",35000
"345","subj.27","continuity","ver2","cont",7,"continuity_ver2_n_cont.mp4","continuity_ver2_n_contX.wav",34000
"346","subj.27","solidity","ver1","test",8,"solidity_ver1_n_test.mp4","solidity_ver1_n_testX.wav",38600
"347","subj.27","gravity","ver1","test",9,"gravity_ver1_n_test.mp4","gravity_ver1_n_testX.wav",30200
"348","subj.27","continuity","ver1","cont",10,"continuity_ver1_n_cont.mp4","continuity_ver1_n_contX.wav",31000
"349","subj.27","gravity","ver1","cont",11,"gravity_ver1_n_cont.mp4","gravity_ver1_n_contX.wav",30200
"350","subj.27","solidity","ver1","cont",12,"solidity_ver1_n_cont.mp4","solidity_ver1_n_contX.wav",38600
"351","subj.27","continuity","ver1","test",13,"continuity_ver1_n_test.mp4","continuity_ver1_n_testX.wav",31000
"352","subj.28","attentioncheck",NA,NA,1,"attentioncheck.mp4","attentioncheckX.wav",24100
"353","subj.28","solidity","ver2","test",2,"solidity_ver2_n_test.mp4","solidity_ver2_n_testX.wav",35000
"354","subj.28","continuity","ver2","test",3,"continuity_ver2_n_test.mp4","continuity_ver2_n_testX.wav",34000
"355","subj.28","gravity","ver2","cont",4,"gravity_ver2_n_cont.mp4","gravity_ver2_n_contX.wav",30000
"356","subj.28","solidity","ver2","cont",5,"solidity_ver2_n_cont.mp4","solidity_ver2_n_contX.wav",35000
"357","subj.28","continuity","ver2","cont",6,"continuity_ver2_n_cont.mp4","continuity_ver2_n_contX.wav",34000
"358","subj.28","gravity","ver2","test",7,"gravity_ver2_n_test.mp4","gravity_ver2_n_testX.wav",30000
"359","subj.28","continuity","ver1","cont",8,"continuity_ver1_n_cont.mp4","continuity_ver1_n_contX.wav",31000
"360","subj.28","gravity","ver1","test",9,"gravity_ver1_n_test.mp4","gravity_ver1_n_testX.wav",30200
"361","subj.28","solidity","ver1","cont",10,"solidity_ver1_n_cont.mp4","solidity_ver1_n_contX.wav",38600
"362","subj.28","gravity","ver1","cont",11,"gravity_ver1_n_cont.mp4","gravity_ver1_n_contX.wav",30200
"363","subj.28","continuity","ver1","test",12,"continuity_ver1_n_test.mp4","continuity_ver1_n_testX.wav",31000
"364","subj.28","solidity","ver1","test",13,"solidity_ver1_n_test.mp4","solidity_ver1_n_testX.wav",38600
"365","subj.29","attentioncheck",NA,NA,1,"attentioncheck.mp4","attentioncheckX.wav",24100
"366","subj.29","gravity","ver2","cont",2,"gravity_ver2_n_cont.mp4","gravity_ver2_n_contX.wav",30000
"367","subj.29","solidity","ver2","cont",3,"solidity_ver2_n_cont.mp4","solidity_ver2_n_contX.wav",35000
"368","subj.29","continuity","ver2","test",4,"continuity_ver2_n_test.mp4","continuity_ver2_n_testX.wav",34000
"369","subj.29","solidity","ver2","test",5,"solidity_ver2_n_test.mp4","solidity_ver2_n_testX.wav",35000
"370","subj.29","continuity","ver2","cont",6,"continuity_ver2_n_cont.mp4","continuity_ver2_n_contX.wav",34000
"371","subj.29","gravity","ver2","test",7,"gravity_ver2_n_test.mp4","gravity_ver2_n_testX.wav",30000
"372","subj.29","solidity","ver1","test",8,"solidity_ver1_n_test.mp4","solidity_ver1_n_testX.wav",38600
"373","subj.29","gravity","ver1","cont",9,"gravity_ver1_n_cont.mp4","gravity_ver1_n_contX.wav",30200
"374","subj.29","continuity","ver1","test",10,"continuity_ver1_n_test.mp4","continuity_ver1_n_testX.wav",31000
"375","subj.29","solidity","ver1","cont",11,"solidity_ver1_n_cont.mp4","solidity_ver1_n_contX.wav",38600
"376","subj.29","gravity","ver1","test",12,"gravity_ver1_n_test.mp4","gravity_ver1_n_testX.wav",30200
"377","subj.29","continuity","ver1","cont",13,"continuity_ver1_n_cont.mp4","continuity_ver1_n_contX.wav",31000
"378","subj.30","attentioncheck",NA,NA,1,"attentioncheck.mp4","attentioncheckX.wav",24100
"379","subj.30","gravity","ver2","cont",2,"gravity_ver2_n_cont.mp4","gravity_ver2_n_contX.wav",30000
"380","subj.30","solidity","ver2","test",3,"solidity_ver2_n_test.mp4","solidity_ver2_n_testX.wav",35000
"381","subj.30","continuity","ver2","test",4,"continuity_ver2_n_test.mp4","continuity_ver2_n_testX.wav",34000
"382","subj.30","solidity","ver2","cont",5,"solidity_ver2_n_cont.mp4","solidity_ver2_n_contX.wav",35000
"383","subj.30","continuity","ver2","cont",6,"continuity_ver2_n_cont.mp4","continuity_ver2_n_contX.wav",34000
"384","subj.30","gravity","ver2","test",7,"gravity_ver2_n_test.mp4","gravity_ver2_n_testX.wav",30000
"385","subj.30","continuity","ver1","cont",8,"continuity_ver1_n_cont.mp4","continuity_ver1_n_contX.wav",31000
"386","subj.30","gravity","ver1","cont",9,"gravity_ver1_n_cont.mp4","gravity_ver1_n_contX.wav",30200
"387","subj.30","solidity","ver1","test",10,"solidity_ver1_n_test.mp4","solidity_ver1_n_testX.wav",38600
"388","subj.30","solidity","ver1","cont",11,"solidity_ver1_n_cont.mp4","solidity_ver1_n_contX.wav",38600
"389","subj.30","gravity","ver1","test",12,"gravity_ver1_n_test.mp4","gravity_ver1_n_testX.wav",30200
"390","subj.30","continuity","ver1","test",13,"continuity_ver1_n_test.mp4","continuity_ver1_n_testX.wav",31000
"391","subj.31","attentioncheck",NA,NA,1,"attentioncheck.mp4","attentioncheckX.wav",24100
"392","subj.31","continuity","ver2","test",2,"continuity_ver2_n_test.mp4","continuity_ver2_n_testX.wav",34000
"393","subj.31","solidity","ver2","test",3,"solidity_ver2_n_test.mp4","solidity_ver2_n_testX.wav",35000
"394","subj.31","gravity","ver2","cont",4,"gravity_ver2_n_cont.mp4","gravity_ver2_n_contX.wav",30000
"395","subj.31","gravity","ver2","test",5,"gravity_ver2_n_test.mp4","gravity_ver2_n_testX.wav",30000
"396","subj.31","solidity","ver2","cont",6,"solidity_ver2_n_cont.mp4","solidity_ver2_n_contX.wav",35000
"397","subj.31","continuity","ver2","cont",7,"continuity_ver2_n_cont.mp4","continuity_ver2_n_contX.wav",34000
"398","subj.31","continuity","ver1","test",8,"continuity_ver1_n_test.mp4","continuity_ver1_n_testX.wav",31000
"399","subj.31","solidity","ver1","cont",9,"solidity_ver1_n_cont.mp4","solidity_ver1_n_contX.wav",38600
"400","subj.31","gravity","ver1","test",10,"gravity_ver1_n_test.mp4","gravity_ver1_n_testX.wav",30200
"401","subj.31","solidity","ver1","test",11,"solidity_ver1_n_test.mp4","solidity_ver1_n_testX.wav",38600
"402","subj.31","gravity","ver1","cont",12,"gravity_ver1_n_cont.mp4","gravity_ver1_n_contX.wav",30200
"403","subj.31","continuity","ver1","cont",13,"continuity_ver1_n_cont.mp4","continuity_ver1_n_contX.wav",31000
"404","subj.32","attentioncheck",NA,NA,1,"attentioncheck.mp4","attentioncheckX.wav",24100
"405","subj.32","continuity","ver2","cont",2,"continuity_ver2_n_cont.mp4","continuity_ver2_n_contX.wav",34000
"406","subj.32","solidity","ver2","cont",3,"solidity_ver2_n_cont.mp4","solidity_ver2_n_contX.wav",35000
"407","subj.32","gravity","ver2","test",4,"gravity_ver2_n_test.mp4","gravity_ver2_n_testX.wav",30000
"408","subj.32","gravity","ver2","cont",5,"gravity_ver2_n_cont.mp4","gravity_ver2_n_contX.wav",30000
"409","subj.32","solidity","ver2","test",6,"solidity_ver2_n_test.mp4","solidity_ver2_n_testX.wav",35000
"410","subj.32","continuity","ver2","test",7,"continuity_ver2_n_test.mp4","continuity_ver2_n_testX.wav",34000
"411","subj.32","solidity","ver1","cont",8,"solidity_ver1_n_cont.mp4","solidity_ver1_n_contX.wav",38600
"412","subj.32","continuity","ver1","cont",9,"continuity_ver1_n_cont.mp4","continuity_ver1_n_contX.wav",31000
"413","subj.32","gravity","ver1","test",10,"gravity_ver1_n_test.mp4","gravity_ver1_n_testX.wav",30200
"414","subj.32","continuity","ver1","test",11,"continuity_ver1_n_test.mp4","continuity_ver1_n_testX.wav",31000
"415","subj.32","gravity","ver1","cont",12,"gravity_ver1_n_cont.mp4","gravity_ver1_n_contX.wav",30200
"416","subj.32","solidity","ver1","test",13,"solidity_ver1_n_test.mp4","solidity_ver1_n_testX.wav",38600
"417","subj.33","attentioncheck",NA,NA,1,"attentioncheck.mp4","attentioncheckX.wav",24100
"418","subj.33","gravity","ver2","cont",2,"gravity_ver2_n_cont.mp4","gravity_ver2_n_contX.wav",30000
"419","subj.33","solidity","ver2","test",3,"solidity_ver2_n_test.mp4","solidity_ver2_n_testX.wav",35000
"420","subj.33","continuity","ver2","test",4,"continuity_ver2_n_test.mp4","continuity_ver2_n_testX.wav",34000
"421","subj.33","gravity","ver2","test",5,"gravity_ver2_n_test.mp4","gravity_ver2_n_testX.wav",30000
"422","subj.33","solidity","ver2","cont",6,"solidity_ver2_n_cont.mp4","solidity_ver2_n_contX.wav",35000
"423","subj.33","continuity","ver2","cont",7,"continuity_ver2_n_cont.mp4","continuity_ver2_n_contX.wav",34000
"424","subj.33","solidity","ver1","test",8,"solidity_ver1_n_test.mp4","solidity_ver1_n_testX.wav",38600
"425","subj.33","gravity","ver1","cont",9,"gravity_ver1_n_cont.mp4","gravity_ver1_n_contX.wav",30200
"426","subj.33","continuity","ver1","test",10,"continuity_ver1_n_test.mp4","continuity_ver1_n_testX.wav",31000
"427","subj.33","solidity","ver1","cont",11,"solidity_ver1_n_cont.mp4","solidity_ver1_n_contX.wav",38600
"428","subj.33","continuity","ver1","cont",12,"continuity_ver1_n_cont.mp4","continuity_ver1_n_contX.wav",31000
"429","subj.33","gravity","ver1","test",13,"gravity_ver1_n_test.mp4","gravity_ver1_n_testX.wav",30200
"430","subj.34","attentioncheck",NA,NA,1,"attentioncheck.mp4","attentioncheckX.wav",24100
"431","subj.34","gravity","ver2","cont",2,"gravity_ver2_n_cont.mp4","gravity_ver2_n_contX.wav",30000
"432","subj.34","continuity","ver2","test",3,"continuity_ver2_n_test.mp4","continuity_ver2_n_testX.wav",34000
"433","subj.34","solidity","ver2","cont",4,"solidity_ver2_n_cont.mp4","solidity_ver2_n_contX.wav",35000
"434","subj.34","gravity","ver2","test",5,"gravity_ver2_n_test.mp4","gravity_ver2_n_testX.wav",30000
"435","subj.34","solidity","ver2","test",6,"solidity_ver2_n_test.mp4","solidity_ver2_n_testX.wav",35000
"436","subj.34","continuity","ver2","cont",7,"continuity_ver2_n_cont.mp4","continuity_ver2_n_contX.wav",34000
"437","subj.34","solidity","ver1","test",8,"solidity_ver1_n_test.mp4","solidity_ver1_n_testX.wav",38600
"438","subj.34","gravity","ver1","test",9,"gravity_ver1_n_test.mp4","gravity_ver1_n_testX.wav",30200
"439","subj.34","continuity","ver1","cont",10,"continuity_ver1_n_cont.mp4","continuity_ver1_n_contX.wav",31000
"440","subj.34","continuity","ver1","test",11,"continuity_ver1_n_test.mp4","continuity_ver1_n_testX.wav",31000
"441","subj.34","gravity","ver1","cont",12,"gravity_ver1_n_cont.mp4","gravity_ver1_n_contX.wav",30200
"442","subj.34","solidity","ver1","cont",13,"solidity_ver1_n_cont.mp4","solidity_ver1_n_contX.wav",38600
"443","subj.35","attentioncheck",NA,NA,1,"attentioncheck.mp4","attentioncheckX.wav",24100
"444","subj.35","gravity","ver2","test",2,"gravity_ver2_n_test.mp4","gravity_ver2_n_testX.wav",30000
"445","subj.35","solidity","ver2","cont",3,"solidity_ver2_n_cont.mp4","solidity_ver2_n_contX.wav",35000
"446","subj.35","continuity","ver2","test",4,"continuity_ver2_n_test.mp4","continuity_ver2_n_testX.wav",34000
"447","subj.35","solidity","ver2","test",5,"solidity_ver2_n_test.mp4","solidity_ver2_n_testX.wav",35000
"448","subj.35","continuity","ver2","cont",6,"continuity_ver2_n_cont.mp4","continuity_ver2_n_contX.wav",34000
"449","subj.35","gravity","ver2","cont",7,"gravity_ver2_n_cont.mp4","gravity_ver2_n_contX.wav",30000
"450","subj.35","gravity","ver1","test",8,"gravity_ver1_n_test.mp4","gravity_ver1_n_testX.wav",30200
"451","subj.35","continuity","ver1","cont",9,"continuity_ver1_n_cont.mp4","continuity_ver1_n_contX.wav",31000
"452","subj.35","solidity","ver1","cont",10,"solidity_ver1_n_cont.mp4","solidity_ver1_n_contX.wav",38600
"453","subj.35","continuity","ver1","test",11,"continuity_ver1_n_test.mp4","continuity_ver1_n_testX.wav",31000
"454","subj.35","solidity","ver1","test",12,"solidity_ver1_n_test.mp4","solidity_ver1_n_testX.wav",38600
"455","subj.35","gravity","ver1","cont",13,"gravity_ver1_n_cont.mp4","gravity_ver1_n_contX.wav",30200
"456","subj.36","attentioncheck",NA,NA,1,"attentioncheck.mp4","attentioncheckX.wav",24100
"457","subj.36","continuity","ver2","test",2,"continuity_ver2_n_test.mp4","continuity_ver2_n_testX.wav",34000
"458","subj.36","gravity","ver2","cont",3,"gravity_ver2_n_cont.mp4","gravity_ver2_n_contX.wav",30000
"459","subj.36","solidity","ver2","cont",4,"solidity_ver2_n_cont.mp4","solidity_ver2_n_contX.wav",35000
"460","subj.36","continuity","ver2","cont",5,"continuity_ver2_n_cont.mp4","continuity_ver2_n_contX.wav",34000
"461","subj.36","gravity","ver2","test",6,"gravity_ver2_n_test.mp4","gravity_ver2_n_testX.wav",30000
"462","subj.36","solidity","ver2","test",7,"solidity_ver2_n_test.mp4","solidity_ver2_n_testX.wav",35000
"463","subj.36","continuity","ver1","cont",8,"continuity_ver1_n_cont.mp4","continuity_ver1_n_contX.wav",31000
"464","subj.36","gravity","ver1","cont",9,"gravity_ver1_n_cont.mp4","gravity_ver1_n_contX.wav",30200
"465","subj.36","solidity","ver1","test",10,"solidity_ver1_n_test.mp4","solidity_ver1_n_testX.wav",38600
"466","subj.36","gravity","ver1","test",11,"gravity_ver1_n_test.mp4","gravity_ver1_n_testX.wav",30200
"467","subj.36","continuity","ver1","test",12,"continuity_ver1_n_test.mp4","continuity_ver1_n_testX.wav",31000
"468","subj.36","solidity","ver1","cont",13,"solidity_ver1_n_cont.mp4","solidity_ver1_n_contX.wav",38600
"469","subj.37","attentioncheck",NA,NA,1,"attentioncheck.mp4","attentioncheckX.wav",24100
"470","subj.37","gravity","ver2","cont",2,"gravity_ver2_n_cont.mp4","gravity_ver2_n_contX.wav",30000
"471","subj.37","continuity","ver2","test",3,"continuity_ver2_n_test.mp4","continuity_ver2_n_testX.wav",34000
"472","subj.37","solidity","ver2","test",4,"solidity_ver2_n_test.mp4","solidity_ver2_n_testX.wav",35000
"473","subj.37","solidity","ver2","cont",5,"solidity_ver2_n_cont.mp4","solidity_ver2_n_contX.wav",35000
"474","subj.37","continuity","ver2","cont",6,"continuity_ver2_n_cont.mp4","continuity_ver2_n_contX.wav",34000
"475","subj.37","gravity","ver2","test",7,"gravity_ver2_n_test.mp4","gravity_ver2_n_testX.wav",30000
"476","subj.37","continuity","ver1","test",8,"continuity_ver1_n_test.mp4","continuity_ver1_n_testX.wav",31000
"477","subj.37","solidity","ver1","cont",9,"solidity_ver1_n_cont.mp4","solidity_ver1_n_contX.wav",38600
"478","subj.37","gravity","ver1","cont",10,"gravity_ver1_n_cont.mp4","gravity_ver1_n_contX.wav",30200
"479","subj.37","continuity","ver1","cont",11,"continuity_ver1_n_cont.mp4","continuity_ver1_n_contX.wav",31000
"480","subj.37","solidity","ver1","test",12,"solidity_ver1_n_test.mp4","solidity_ver1_n_testX.wav",38600
"481","subj.37","gravity","ver1","test",13,"gravity_ver1_n_test.mp4","gravity_ver1_n_testX.wav",30200
"482","subj.38","attentioncheck",NA,NA,1,"attentioncheck.mp4","attentioncheckX.wav",24100
"483","subj.38","gravity","ver2","test",2,"gravity_ver2_n_test.mp4","gravity_ver2_n_testX.wav",30000
"484","subj.38","solidity","ver2","test",3,"solidity_ver2_n_test.mp4","solidity_ver2_n_testX.wav",35000
"485","subj.38","continuity","ver2","cont",4,"continuity_ver2_n_cont.mp4","continuity_ver2_n_contX.wav",34000
"486","subj.38","continuity","ver2","test",5,"continuity_ver2_n_test.mp4","continuity_ver2_n_testX.wav",34000
"487","subj.38","gravity","ver2","cont",6,"gravity_ver2_n_cont.mp4","gravity_ver2_n_contX.wav",30000
"488","subj.38","solidity","ver2","cont",7,"solidity_ver2_n_cont.mp4","solidity_ver2_n_contX.wav",35000
"489","subj.38","continuity","ver1","test",8,"continuity_ver1_n_test.mp4","continuity_ver1_n_testX.wav",31000
"490","subj.38","gravity","ver1","test",9,"gravity_ver1_n_test.mp4","gravity_ver1_n_testX.wav",30200
"491","subj.38","solidity","ver1","cont",10,"solidity_ver1_n_cont.mp4","solidity_ver1_n_contX.wav",38600
"492","subj.38","solidity","ver1","test",11,"solidity_ver1_n_test.mp4","solidity_ver1_n_testX.wav",38600
"493","subj.38","continuity","ver1","cont",12,"continuity_ver1_n_cont.mp4","continuity_ver1_n_contX.wav",31000
"494","subj.38","gravity","ver1","cont",13,"gravity_ver1_n_cont.mp4","gravity_ver1_n_contX.wav",30200
"495","subj.39","attentioncheck",NA,NA,1,"attentioncheck.mp4","attentioncheckX.wav",24100
"496","subj.39","continuity","ver2","cont",2,"continuity_ver2_n_cont.mp4","continuity_ver2_n_contX.wav",34000
"497","subj.39","gravity","ver2","test",3,"gravity_ver2_n_test.mp4","gravity_ver2_n_testX.wav",30000
"498","subj.39","solidity","ver2","cont",4,"solidity_ver2_n_cont.mp4","solidity_ver2_n_contX.wav",35000
"499","subj.39","gravity","ver2","cont",5,"gravity_ver2_n_cont.mp4","gravity_ver2_n_contX.wav",30000
"500","subj.39","solidity","ver2","test",6,"solidity_ver2_n_test.mp4","solidity_ver2_n_testX.wav",35000
"501","subj.39","continuity","ver2","test",7,"continuity_ver2_n_test.mp4","continuity_ver2_n_testX.wav",34000
"502","subj.39","gravity","ver1","cont",8,"gravity_ver1_n_cont.mp4","gravity_ver1_n_contX.wav",30200
"503","subj.39","continuity","ver1","test",9,"continuity_ver1_n_test.mp4","continuity_ver1_n_testX.wav",31000
"504","subj.39","solidity","ver1","test",10,"solidity_ver1_n_test.mp4","solidity_ver1_n_testX.wav",38600
"505","subj.39","continuity","ver1","cont",11,"continuity_ver1_n_cont.mp4","continuity_ver1_n_contX.wav",31000
"506","subj.39","solidity","ver1","cont",12,"solidity_ver1_n_cont.mp4","solidity_ver1_n_contX.wav",38600
"507","subj.39","gravity","ver1","test",13,"gravity_ver1_n_test.mp4","gravity_ver1_n_testX.wav",30200
"508","subj.40","attentioncheck",NA,NA,1,"attentioncheck.mp4","attentioncheckX.wav",24100
"509","subj.40","gravity","ver2","cont",2,"gravity_ver2_n_cont.mp4","gravity_ver2_n_contX.wav",30000
"510","subj.40","solidity","ver2","test",3,"solidity_ver2_n_test.mp4","solidity_ver2_n_testX.wav",35000
"511","subj.40","continuity","ver2","cont",4,"continuity_ver2_n_cont.mp4","continuity_ver2_n_contX.wav",34000
"512","subj.40","continuity","ver2","test",5,"continuity_ver2_n_test.mp4","continuity_ver2_n_testX.wav",34000
"513","subj.40","gravity","ver2","test",6,"gravity_ver2_n_test.mp4","gravity_ver2_n_testX.wav",30000
"514","subj.40","solidity","ver2","cont",7,"solidity_ver2_n_cont.mp4","solidity_ver2_n_contX.wav",35000
"515","subj.40","continuity","ver1","test",8,"continuity_ver1_n_test.mp4","continuity_ver1_n_testX.wav",31000
"516","subj.40","gravity","ver1","test",9,"gravity_ver1_n_test.mp4","gravity_ver1_n_testX.wav",30200
"517","subj.40","solidity","ver1","cont",10,"solidity_ver1_n_cont.mp4","solidity_ver1_n_contX.wav",38600
"518","subj.40","gravity","ver1","cont",11,"gravity_ver1_n_cont.mp4","gravity_ver1_n_contX.wav",30200
"519","subj.40","solidity","ver1","test",12,"solidity_ver1_n_test.mp4","solidity_ver1_n_testX.wav",38600
"520","subj.40","continuity","ver1","cont",13,"continuity_ver1_n_cont.mp4","continuity_ver1_n_contX.wav",31000
